a0,a2,a3,a4,a7,a10,class
195.078488,0.147405,8.359678,0.013904,-0.008042,366011.0722,CS
236.345729,0.15079,8.384325,0.012699,0.170657,474662.4984,CS
186.330078,0.12585,8.174723,0.031695,-0.15905,232122.3288,CS
247.520723,0.16104,8.355661,0.012456,0.078181,649412.841,CS
248.755791,0.159624,8.3621,0.014213,-0.001506,680731.5629,CS
241.410287,0.158715,8.363007,0.014151,0.019996,662131.3222,CS
240.315495,0.161502,8.355563,0.013522,0.035078,648112.2142,CS
249.239758,0.156192,8.384144,0.013494,-0.076887,631100.8109,CS
237.148484,0.154931,8.379706,0.01438,-0.083533,570704.9665,CS
245.489526,0.147469,8.420519,0.016085,0.024445,597999.6422,CS
215.760581,0.149557,8.413858,0.016717,0.078784,396742.7591,CS
219.858838,0.145215,8.382764,0.015421,0.072924,448079.8965,CS
215.59548,0.145922,8.377864,0.011704,0.034669,402198.2815,CS
226.100777,0.151897,8.342992,0.014331,0.055578,491971.2117,CS
157.900727,0.189562,8.061826,0.012578,-0.014168,330899.0429,CS
169.653646,0.188847,8.09313,0.014452,0.059736,411700.5863,CS
176.975563,0.181243,8.150748,0.016704,0.088589,426724.6123,CS
205.852785,0.159441,8.244932,0.016145,0.115235,517058.1036,CS
230.656893,0.128184,8.24804,0.03026,-0.029442,380734.5609,CS
244.046853,0.137362,8.358913,0.016376,-0.050784,574971.0789,CS
259.081672,0.133755,8.432093,0.016313,-0.061909,592284.7132,CS
260.805848,0.124189,8.479718,0.016401,-0.154589,590158.9758,CS
266.296523,0.120914,8.499717,0.016697,-0.183226,575199.6243,CS
236.765054,0.141151,8.420203,0.011673,-0.022551,468753.7698,CS
274.870553,0.112927,8.528527,0.017024,-0.12249,600365.5796,CS
309.624118,0.154409,8.358616,0.008799,-0.264416,972268.3153,CS
309.416754,0.14891,8.408821,0.008288,-0.437069,816485.4527,CS
299.394651,0.13928,8.462928,0.010114,-0.434962,749273.2065,CS
307.017287,0.138864,8.436439,0.011381,-0.62564,823168.1131,CS
221.630272,0.153231,8.321534,0.015188,-0.428871,513835.6476,CS
208.793024,0.150371,8.32229,0.016551,-0.342707,469543.9535,CS
206.11415,0.150493,8.326146,0.017666,-0.370025,404032.8505,CS
215.232227,0.15618,8.336081,0.017942,-0.277138,461276.2627,CS
222.315213,0.155576,8.348702,0.017268,-0.228386,501947.7929,CS
251.983536,0.138754,8.439401,0.011834,0.052468,513234.4991,CS
224.808989,0.154088,8.340691,0.018458,-0.197489,499111.2297,CS
370.873005,0.175953,8.479933,0.003546,-0.151094,2284498.474,CS
234.971618,0.188438,8.38167,0.003041,-0.137104,952293.8987,CS
235.760688,0.187477,8.367838,0.002944,-0.033022,987623.2446,CS
225.63899,0.196786,8.338734,0.002817,0.006198,931379.9452,CS
221.187727,0.194423,8.32192,0.002758,0.054585,927947.0732,CS
214.44688,0.19071,8.318404,0.002741,0.049885,966881.9184,CS
205.229923,0.185193,8.354677,0.002881,0.118105,877679.9216,CS
201.851554,0.165381,8.512467,0.004011,0.111947,644950.236,CS
186.328086,0.166283,8.456181,0.005686,0.119422,480660.9892,CS
254.373893,0.144361,8.42186,0.010508,0.085191,516906.5368,CS
184.937065,0.162995,8.451021,0.007141,0.136563,470996.2834,CS
223.1767,0.167818,8.325504,0.006523,0.034643,498867.7062,CS
295.380821,0.179045,8.278157,0.005864,-0.064996,1051386.644,CS
289.478874,0.177728,8.283175,0.005787,-0.10286,1023310.903,CS
293.478538,0.18101,8.266736,0.00565,-0.164907,1108760.413,CS
294.179987,0.182128,8.29037,0.005553,-0.208073,1089655.034,CS
302.542983,0.181704,8.338598,0.00554,-0.182183,1156315.681,CS
288.677704,0.180335,8.357716,0.00524,-0.212183,1056465.741,CS
283.546695,0.182409,8.372192,0.005175,-0.190041,982181.9158,CS
266.100783,0.181209,8.437734,0.005008,-0.199948,806099.5838,CS
280.027138,0.138909,8.442672,0.0111,0.145098,636058.2365,CS
269.409343,0.183243,8.416006,0.004771,-0.161514,932011.2565,CS
303.317838,0.2495,7.826059,0.007289,-0.28009,1581805.988,CS
315.652,0.258399,7.739416,0.008863,-0.25088,1602352.214,CS
314.662666,0.257652,7.765234,0.008889,-0.239806,1555007.445,CS
239.922832,0.225703,8.048292,0.007999,-0.197511,885283.3693,CS
232.44871,0.240939,7.814777,0.012506,-0.180803,857586.531,CS
159.66308,0.262026,7.592242,0.016914,-0.142636,409292.9693,CS
153.229091,0.27834,7.588958,0.009805,-0.142447,510618.3051,CS
351.117514,0.286949,7.587532,0.004592,-0.196135,3915694.648,CS
340.020982,0.268836,7.711717,0.005572,-0.220311,3384610.692,CS
288.157127,0.144642,8.435604,0.010801,0.092941,722003.1447,CS
246.11771,0.27938,7.452977,0.009789,-0.102655,1281229.476,CS
253.941031,0.146764,8.561596,0.006074,-0.376021,455548.9562,CS
261.479727,0.140374,8.585322,0.006218,-0.317139,457367.7164,CS
246.057788,0.142309,8.552106,0.006686,-0.259707,374430.0453,CS
295.959288,0.136457,8.534352,0.007251,-0.344087,759040.392,CS
268.809734,0.14542,8.458195,0.008027,-0.291126,651546.8416,CS
232.772625,0.146019,8.435446,0.008559,-0.334851,563778.7748,CS
219.74253,0.140592,8.45464,0.008746,-0.274845,424376.466,CS
215.581484,0.142469,8.401231,0.009209,-0.268651,465635.1371,CS
227.859685,0.137355,8.415366,0.010803,-0.161634,472258.6934,CS
272.808553,0.149,8.407523,0.011007,0.19513,654591.8888,CS
260.831172,0.130356,8.502739,0.012811,0.008764,527829.2175,CS
247.264233,0.148232,8.453654,0.006408,-0.630352,666768.8725,CS
239.681465,0.148558,8.439948,0.006762,-0.562254,597552.6633,CS
229.636455,0.149112,8.450153,0.00673,-0.512844,516268.3408,CS
246.324359,0.154925,8.453307,0.006349,-0.469847,649561.2158,CS
241.942971,0.156508,8.428503,0.006576,-0.460068,638420.4127,CS
246.43426,0.155206,8.425142,0.007136,-0.437236,620391.4296,CS
245.171996,0.151636,8.482875,0.007058,-0.504011,581829.7426,CS
247.847052,0.145956,8.509561,0.007891,-0.494815,513199.4705,CS
276.642478,0.130824,8.601075,0.009113,-0.359268,606703.9886,CS
253.581168,0.152719,8.379593,0.011639,0.222123,562862.565,CS
286.308047,0.125838,8.628922,0.009369,-0.22035,647415.0322,CS
396.221689,0.110689,8.718803,0.002333,-0.591658,1680177.25,CS
400.164601,0.105843,8.700828,0.002108,-0.600722,1687135.335,CS
398.924587,0.105272,8.709397,0.002108,-0.678661,1605182.932,CS
381.243555,0.103871,8.670049,0.002433,-0.583349,1386750.932,CS
351.480136,0.114658,8.582397,0.003126,-0.543826,1331166.026,CS
321.594515,0.117986,8.503956,0.004562,-0.41864,967800.8313,CS
199.979301,0.13251,8.244246,0.014603,-0.313583,332595.9734,CS
193.016336,0.13057,8.167488,0.023052,-0.280653,272990.3232,CS
186.253478,0.12801,8.160409,0.030031,-0.248547,221298.4965,D
199.198128,0.148453,8.348736,0.019451,-0.251428,375399.1323,D
208.652037,0.164281,8.294441,0.010187,-0.405838,505940.7611,D
322.962586,0.154173,8.467164,0.004264,-0.523526,1311067.614,D
255.697929,0.156331,8.384266,0.015973,-0.378425,593471.0635,D
259.388623,0.150721,8.397083,0.015364,-0.381291,616828.4571,D
271.30028,0.151617,8.407412,0.014457,-0.328008,683286.7256,D
263.783697,0.148796,8.400675,0.014014,-0.338973,678087.2586,D
250.65602,0.147448,8.389786,0.013651,-0.327938,618352.2682,D
254.775477,0.150674,8.378386,0.013432,-0.343643,653176.829,D
260.91212,0.146799,8.388934,0.012879,-0.314594,666464.9545,D
260.764557,0.146876,8.386662,0.012513,-0.277166,675060.8082,D
263.840877,0.145653,8.383497,0.011874,-0.302779,676626.0737,D
210.979826,0.137878,8.47589,0.013397,-0.224518,404499.22,D
249.83226,0.147201,8.365419,0.011611,-0.395873,626598.4797,D
315.018706,0.132116,8.650262,0.009349,0.157519,870562.2359,D
320.49655,0.132654,8.627343,0.006602,0.21414,991674.3485,D
305.39651,0.151376,8.624365,0.003874,-0.042786,803106.5533,D
323.407861,0.153305,8.615189,0.00357,0.036494,970908.4448,D
293.234591,0.142548,8.652287,0.004275,0.041721,767507.6667,D
222.566541,0.128742,8.653369,0.006005,0.027675,440126.7899,D
223.64475,0.136244,8.565356,0.008212,0.171782,454609.2716,D
210.749217,0.137004,8.581965,0.009644,-0.010913,365128.5335,D
221.157411,0.138317,8.584031,0.010432,-0.085739,432317.4319,D
232.075149,0.127226,8.625009,0.008829,-0.273331,459346.1874,D
200.621502,0.141185,8.572873,0.009805,-0.039649,346885.9349,D
294.169781,0.135886,8.591133,0.00871,-0.145995,709952.5113,D
292.855702,0.142729,8.564446,0.008546,-0.139948,720090.2714,D
303.642061,0.142485,8.560796,0.008327,-0.140545,749360.422,D
313.720493,0.149728,8.535217,0.0077,-0.074927,806563.9889,D
313.720493,0.149728,8.535217,0.0077,-0.074927,806563.9889,D
316.316895,0.153256,8.508244,0.007509,-0.03423,813245.8085,D
320.731366,0.15438,8.497053,0.007346,0.034301,808064.2654,D
323.485156,0.154499,8.488103,0.006795,0.068868,847883.6715,D
230.66049,0.252477,7.947176,0.011321,-0.004191,1313801.607,D
260.237873,0.117362,8.717867,0.006605,-0.384992,521337.3965,D
230.004621,0.287545,7.873973,0.011505,0.039264,1306640.22,D
321.324044,0.225625,7.89595,0.007088,-0.212651,1509976.587,D
322.469788,0.229515,7.847619,0.007514,-0.205998,1550268.992,D
321.102852,0.233835,7.805395,0.007495,-0.212042,1551782.304,D
321.102852,0.233835,7.805395,0.007495,-0.212042,1551782.304,D
322.462537,0.244711,7.756772,0.00723,-0.223857,1565592.469,D
321.059838,0.251032,7.723332,0.006964,-0.23896,1578472.483,D
316.037546,0.257201,7.70495,0.006388,-0.269058,1551311.746,D
313.077265,0.258093,7.696247,0.005868,-0.254793,1612320.858,D
312.124793,0.25735,7.704073,0.005766,-0.242758,1624696.784,D
344.204468,0.109666,8.801715,0.004698,-0.514768,1205000.63,D
312.19419,0.259193,7.694266,0.005772,-0.245433,1630881.57,D
260.551441,0.177214,8.3089,0.008865,-0.63499,1134030.661,D
246.697039,0.183558,8.272023,0.008859,-0.649986,1068830.225,D
314.971084,0.183951,8.360095,0.006914,-0.699725,1324947.755,D
256.021845,0.184937,8.322732,0.00904,-0.56695,1053697.059,D
265.530013,0.188314,8.31025,0.008513,-0.602702,1117572.327,D
284.182149,0.181523,8.338124,0.008727,-0.625254,1191935.967,D
239.62854,0.177536,8.356631,0.008866,-0.628468,713013.2008,D
238.811229,0.171953,8.363444,0.008848,-0.623964,675037.894,D
245.993441,0.171133,8.389507,0.009379,-0.567243,711061.1618,D
349.172972,0.114857,8.806668,0.004264,-0.569438,1291892.174,D
245.447397,0.158826,8.443545,0.012011,-0.454094,616426.2317,D
276.029189,0.173247,8.45117,0.009879,-0.569905,615183.8215,D
306.613818,0.17325,8.464981,0.009219,-0.618817,772633.4992,D
253.567353,0.162109,8.490585,0.008839,-0.528815,554383.0713,D
281.920685,0.156711,8.509246,0.007923,-0.564806,676666.1298,D
346.49314,0.151839,8.562135,0.007303,-0.64327,1186534.215,D
325.021656,0.152973,8.561314,0.006574,-0.620531,1057089.668,D
313.965445,0.153971,8.563115,0.00656,-0.643387,986969.8398,D
322.674424,0.156233,8.564991,0.006385,-0.548062,1189623.1,D
305.264352,0.16212,8.501689,0.006804,-0.44762,1078986.129,D
322.196295,0.122734,8.756167,0.004596,-0.503263,1198360.05,D
254.063813,0.182221,8.343924,0.0074,-0.423503,788811.6509,D
383.713757,0.123056,8.631861,0.009693,-0.389197,956227.1269,D
426.211007,0.123547,8.676408,0.008201,-0.488453,1200042.105,D
379.923061,0.114089,8.721579,0.007326,-0.568167,898552.1757,D
385.593175,0.112758,8.712357,0.006912,-0.634125,882205.5408,D
384.319576,0.116887,8.695882,0.006815,-0.626774,972516.6846,D
337.160744,0.122914,8.656368,0.007517,-0.558413,822317.9627,D
318.340083,0.116652,8.646174,0.009803,-0.450056,685080.6212,D
334.820992,0.117903,8.696897,0.010054,-0.394985,725392.3451,D
305.735535,0.119043,8.642137,0.010751,-0.324007,666781.158,D
293.414098,0.137209,8.640958,0.005987,-0.434139,1079432.562,D
280.269738,0.122624,8.606119,0.012138,-0.299965,568503.6499,D
251.731114,0.144679,8.63294,0.004327,-0.524217,564933.7771,D
261.154748,0.14434,8.644163,0.004291,-0.521049,577590.0532,D
253.573308,0.148364,8.632174,0.004207,-0.546134,555339.924,D
279.890658,0.151416,8.608837,0.003862,-0.625375,659137.7726,D
281.104968,0.149779,8.628321,0.003822,-0.619556,677624.3258,D
289.514558,0.153626,8.627976,0.004086,-0.661931,717461.0407,D
290.309777,0.150243,8.634966,0.004392,-0.670415,712416.5801,D
290.857874,0.153578,8.62428,0.004479,-0.709723,700588.7775,D
290.219028,0.143291,8.643205,0.004672,-0.775008,677189.6742,D
240.774747,0.152593,8.466165,0.007827,-0.441943,684091.1186,D
290.800347,0.14301,8.642167,0.004978,-0.806398,714206.8696,D
369.54519,0.139308,8.590408,0.006527,-0.455738,1292307.776,D
294.751284,0.150056,8.454535,0.009598,-0.540566,814672.953,D
286.324535,0.173772,8.435134,0.005566,-0.611786,926180.2515,D
329.920212,0.168623,8.414109,0.004919,-0.642398,1063265.981,D
340.848992,0.166106,8.368518,0.004274,-0.669379,1438554.679,D
334.911619,0.160343,8.365266,0.004328,-0.784143,1374473.967,D
451.347479,0.12198,8.707553,0.001912,-0.663422,2836608.144,D
297.763427,0.162889,8.32949,0.00515,-0.593457,998997.9974,D
364.675902,0.145316,8.495845,0.003048,-0.562876,1638348.569,DD
186.750997,0.161903,8.234818,0.012317,-0.257237,334788.569,DD
286.058422,0.183629,8.518665,0.004769,-0.31095,1436661.543,DD
289.77163,0.138172,8.507564,0.006274,-0.271048,751480.8758,DD
172.843182,0.166441,8.268204,0.014542,-0.479566,249273.2204,DD
172.398235,0.169163,8.242811,0.014709,-0.416476,264558.5052,DD
172.931272,0.177308,8.225421,0.014978,-0.495773,271342.9363,DD
173.837909,0.177749,8.222503,0.016295,-0.531421,263466.128,DD
176.5782,0.176606,8.220358,0.017716,-0.532781,273181.1159,DD
183.096103,0.176806,8.240546,0.018243,-0.518824,288554.5398,DD
188.921669,0.173161,8.250386,0.018209,-0.572093,308643.6632,DD
188.921669,0.173161,8.250386,0.018209,-0.572093,308643.6632,DD
196.053748,0.16897,8.26601,0.01854,-0.513809,334801.7333,DD
232.04274,0.16334,8.215275,0.01193,-0.258426,595314.0823,DD
199.024645,0.16713,8.289147,0.019729,-0.56699,318247.9665,DD
331.302993,0.153046,8.541172,0.007625,0.062406,1164689.417,DD
340.183802,0.154629,8.519418,0.007469,0.040812,1235643.719,DD
346.535842,0.161023,8.489969,0.007279,0.106614,1291394.335,DD
353.689368,0.163053,8.451068,0.007381,0.135587,1413836.844,DD
353.94535,0.167053,8.430175,0.007085,0.071194,1457083.269,DD
214.974566,0.306889,7.383778,0.006688,0.268359,1180946.47,DD
300.380351,0.138619,8.596133,0.008892,-0.193284,723495.9148,DD
227.343912,0.171257,8.421472,0.005596,0.038816,535707.2845,DD
218.587775,0.171603,8.402348,0.005735,0.066052,493176.353,DD
185.387464,0.230486,7.752267,0.028371,-0.151436,641792.9371,DD
209.749629,0.170338,8.394991,0.005764,0.057359,457690.713,DD
204.295722,0.174245,8.381722,0.005795,0.086398,428744.4659,DD
204.945861,0.174464,8.367912,0.006078,0.148505,430290.1338,DD
210.39679,0.16539,8.411219,0.006574,0.135133,419179.2347,DD
218.720225,0.169207,8.401427,0.006399,0.165329,454704.5348,DD
216.446865,0.167162,8.414232,0.006501,0.189086,422151.4996,DD
221.052693,0.164438,8.42083,0.00699,0.240536,414758.3522,DD
312.19419,0.259193,7.694266,0.005772,-0.245433,1630881.57,DD
315.522732,0.262942,7.667148,0.005742,-0.244248,1696366.28,DD
323.61164,0.263612,7.682197,0.005571,-0.225582,1810317.698,DD
207.904143,0.213171,7.983829,0.016175,-0.1837,819804.2952,DD
326.864703,0.263671,7.695944,0.005263,-0.215724,1920574.868,DD
337.915775,0.262854,7.72875,0.004846,-0.232729,2062884.966,DD
335.264439,0.254477,7.779957,0.004586,-0.261549,2055764.743,DD
348.451805,0.267629,7.701265,0.004552,-0.233679,2239041.248,DD
351.787012,0.264217,7.72051,0.0046,-0.253247,2214021.222,DD
360.980027,0.260064,7.74821,0.004566,-0.261339,2313218.699,DD
365.633196,0.256146,7.79053,0.004484,-0.284148,2319567.774,DD
334.357388,0.123646,8.739838,0.007617,-0.426009,1170078.533,DD
323.217042,0.121654,8.698064,0.008359,-0.509592,1099705.153,DD
251.605935,0.14188,8.475664,0.011095,-0.573408,743764.094,DD
237.7523,0.185626,8.316244,0.008164,-0.210388,1107689.119,DD
275.979893,0.181932,8.311263,0.012455,-0.312298,924727.6495,DD
272.791486,0.189152,8.232463,0.01512,-0.245428,875505.6302,DD
253.266628,0.190577,8.2112,0.017894,-0.163259,733188.5313,DD
227.766982,0.194429,8.174708,0.01902,-0.114686,694474.8844,DD
240.848067,0.192236,8.227449,0.020455,-0.18924,743039.4323,DD
259.787078,0.173459,8.319545,0.02141,-0.177369,712003.0801,DD
269.351002,0.157406,8.415314,0.021633,-0.2136,733103.1576,DD
365.313415,0.125208,8.669225,0.016938,-0.269719,1109471.236,DD
283.691262,0.136867,8.539421,0.01944,-0.281447,871427.1262,DD
444.58182,0.117238,8.753577,0.015335,-0.250914,1288056.065,DD
266.3082,0.177068,8.513797,0.004037,-0.284437,1542155.953,DD
439.11614,0.128383,8.72599,0.014593,-0.174241,1278049.521,DD
406.433837,0.135998,8.672926,0.014336,-0.122897,1107801.336,DD
257.125364,0.149979,8.471647,0.020806,-0.072629,513937.8665,DD
221.88305,0.159571,8.371267,0.02385,0.023585,395848.1908,DD
194.358523,0.172608,8.307218,0.023245,0.080747,362241.9771,DD
190.659201,0.180027,8.278114,0.02253,0.066392,341534.1502,DD
294.096723,0.167438,8.441249,0.017185,0.122728,754405.107,DD
202.888682,0.182622,8.285125,0.025143,0.159767,437811.4648,DD
201.986677,0.185623,8.281385,0.024464,0.14248,441322.2182,DD
207.197497,0.185425,8.292286,0.023662,0.169652,470851.4031,DD
343.025384,0.197855,8.42023,0.001979,-0.361053,2603935.624,DD
210.449513,0.183381,8.312894,0.022738,0.203817,482158.9276,DD
223.277062,0.132174,8.543497,0.014507,-0.263557,358794.3752,DD
225.749169,0.131943,8.537275,0.014238,-0.243477,391725.224,DD
235.734263,0.127351,8.554328,0.013938,-0.273988,410714.4803,DD
245.358231,0.128079,8.569627,0.013363,-0.310568,431974.763,DD
239.083527,0.127827,8.558677,0.013164,-0.323472,392942.855,DD
240.788013,0.127963,8.572732,0.012774,-0.364694,387820.9244,DD
248.105897,0.146375,8.550951,0.007695,-0.430729,540339.0205,DD
243.944895,0.148878,8.534609,0.00747,-0.40412,528205.5751,DD
249.492591,0.152072,8.514008,0.007067,-0.417336,592268.0893,DD
346.435839,0.200549,8.401965,0.001883,-0.363501,2706171.136,DD
243.962719,0.154495,8.490074,0.006295,-0.359247,570278.6355,DD
392.597178,0.122805,8.739012,0.005993,-0.417925,1490473.454,DD
408.740418,0.120798,8.747144,0.005861,-0.455988,1621267.125,DD
425.299963,0.120461,8.777661,0.00531,-0.478801,1761437.874,DD
507.347315,0.113274,8.866985,0.004046,-0.502665,2963356.341,DD
511.734178,0.11483,8.846315,0.003607,-0.656746,3196019.302,DD
508.905411,0.118981,8.817401,0.003312,-0.825862,3351573.702,DD
518.598585,0.119211,8.781687,0.003344,-0.837744,3470162.771,DD
525.581345,0.118481,8.763776,0.003621,-0.841923,3445171.457,DD
515.059351,0.121539,8.749883,0.003925,-0.829377,3324451.464,DD
342.623553,0.192632,8.470417,0.002096,-0.361964,2567876.258,DD
493.600084,0.124172,8.717959,0.004005,-0.947272,3179866.027,DD
299.680903,0.150468,8.417972,0.010888,-0.404338,770899.4828,DD
295.536339,0.146806,8.428296,0.010862,-0.33725,712957.5582,DD
288.26028,0.147428,8.408894,0.010875,-0.306713,684270.0471,DD
283.38861,0.144693,8.429864,0.011536,-0.295822,636102.6015,DD
283.395356,0.140402,8.447579,0.012223,-0.252606,624199.7778,DD
286.470862,0.137879,8.455456,0.011918,-0.277355,627759.2603,DD
281.927208,0.142436,8.479,0.009151,-0.388511,667252.4823,DD
284.695397,0.144133,8.483921,0.008097,-0.340738,685987.9213,DD
293.700388,0.137818,8.504986,0.007096,-0.318614,743122.3212,ESCS
272.060314,0.121753,8.63005,0.004232,-0.211899,748598.7028,ESCS
130.909212,0.155026,8.180184,0.017013,-0.171553,104898.81,ESCS
292.530532,0.238591,8.197269,0.002138,0.287376,1337065.204,ESCS
145.224965,0.147438,8.219261,0.019001,-0.207928,146195.3452,ESCS
156.491832,0.14755,8.2679,0.019147,-0.239213,157665.7701,ESCS
161.422676,0.143771,8.29685,0.018943,-0.141295,190024.4693,ESCS
156.784831,0.142077,8.307504,0.019989,-0.104571,176668.5184,ESCS
161.815566,0.146992,8.289524,0.021452,-0.073867,204875.9257,ESCS
145.901031,0.156541,8.230644,0.021816,-0.112987,180985.5354,ESCS
137.940202,0.166526,8.175916,0.018024,-0.087657,159128.6275,ESCS
131.684124,0.181906,8.100313,0.015557,-0.150135,141772.2293,ESCS
212.473865,0.140658,8.60387,0.004088,-0.226717,569400.075,ESCS
276.153798,0.128409,8.593883,0.004358,-0.271353,743946.9923,ESCS
288.286451,0.156271,8.460473,0.001347,-0.280436,1435386.581,ESCS
378.835631,0.242056,7.981301,0.001751,-0.089173,3589972.396,ESCS
352.198811,0.24348,8.001203,0.001686,-0.037991,3377757.336,ESCS
335.215247,0.238001,8.04652,0.001783,-0.009648,3227636.235,ESCS
310.727287,0.22515,8.150974,0.002128,0.085502,2830675.359,ESCS
187.308609,0.200469,8.351798,0.002484,-0.0092,811473.236,ESCS
176.333911,0.204483,8.240833,0.00463,0.063072,716713.6654,ESCS
152.264831,0.206813,8.096296,0.006837,0.171023,491235.2284,ESCS
153.064713,0.200731,8.100715,0.007791,0.198124,449740.5122,ESCS
156.920969,0.195202,8.100972,0.009141,0.180452,449766.2869,ESCS
278.528857,0.127363,8.605635,0.00439,-0.243859,888579.3229,ESCS
161.907196,0.192072,8.243911,0.007237,0.116908,539007.0109,ESCS
164.387405,0.189999,8.23062,0.007551,0.120242,564283.0184,ESCS
159.033265,0.191415,8.201525,0.008006,0.152496,479688.8828,ESCS
156.879463,0.191883,8.206584,0.009312,0.091799,455408.2574,ESCS
147.27033,0.2022,8.129495,0.007897,0.100531,435254.9631,ESCS
203.684323,0.203553,8.154185,0.006895,0.107231,915262.6715,ESCS
214.503865,0.198414,8.206779,0.007011,0.100175,930609.5224,ESCS
224.835267,0.1963,8.239319,0.007566,0.072275,1013024.348,ESCS
247.399144,0.192248,8.332308,0.005715,0.023716,1260539.308,ESCS
302.169391,0.163872,8.619546,0.003463,-0.051569,2186515.043,ESCS
264.053548,0.115426,8.640125,0.004946,-0.110594,894961.513,ESCS
365.007076,0.192572,8.453811,0.001817,-0.148717,3748017.663,ESCS
215.268485,0.237086,8.008622,0.002512,-0.12889,854716.0111,ESCS
208.117095,0.235375,8.037645,0.002508,-0.17039,806024.4232,ESCS
206.046287,0.22676,8.135167,0.002543,-0.183555,697400.661,ESCS
360.229756,0.221261,8.203243,0.002266,-0.226609,2466554.847,ESCS
293.870035,0.200595,8.292128,0.003565,-0.159612,1527433.258,ESCS
273.100573,0.204205,8.157292,0.004512,-0.098969,1227766.004,ESCS
268.713828,0.218438,8.082303,0.005853,-0.061211,1127649.733,ESCS
286.85777,0.218927,7.997525,0.009116,0.060754,1063165.284,ESCS
287.279816,0.216729,7.994362,0.009786,0.057336,1138288.23,ESCS
218.517945,0.128091,8.518781,0.006902,-0.072091,687312.9576,ESCS
272.386501,0.242604,7.860153,0.008906,0.106546,1136378.889,ESCS
272.386501,0.242604,7.860153,0.008906,0.106546,1136378.889,ESCS
272.386501,0.242604,7.860153,0.008906,0.106546,1136378.889,ESCS
292.950727,0.25049,7.713244,0.008005,0.109121,1464132.524,ESCS
292.950727,0.25049,7.713244,0.008005,0.109121,1464132.524,ESCS
366.632344,0.233264,8.118373,0.00266,-0.083959,3020775.44,ESCS
201.217198,0.286572,7.703925,0.001291,-0.165896,1145017.377,ESCS
194.806047,0.283206,7.763353,0.001318,-0.200226,991117.1123,ESCS
270.668881,0.263586,8.060952,0.001196,-0.233558,2227318.706,ESCS
247.656883,0.242808,7.926439,0.007518,0.109321,1093923.233,ESCS
151.209231,0.141508,8.408321,0.006901,-0.151086,183360.902,ESCS
143.277242,0.259531,7.735121,0.014093,0.051473,494100.3407,ESCS
171.440161,0.2769,7.477707,0.015151,0.009881,628244.0417,ESCS
145.967456,0.28088,7.417304,0.014263,-0.016311,477306.3294,ESCS
148.374777,0.279894,7.359793,0.012914,-0.049806,477275.2659,ESCS
160.556133,0.264492,7.658583,0.007763,-0.158085,615231.5547,ESCS
183.682102,0.271556,7.733411,0.002501,-0.284854,899469.7362,ESCS
188.878797,0.306811,7.504236,0.001883,-0.290877,918404.3755,ESCS
203.036909,0.317385,7.434884,0.001684,-0.280821,1121236.864,ESCS
212.098306,0.322901,7.400503,0.001598,-0.297029,1122589.063,ESCS
215.353385,0.324438,7.405195,0.001535,-0.29228,1094310.38,ESCS
140.007952,0.161557,8.256409,0.009172,-0.081222,176833.4163,ESCS
213.591674,0.32061,7.436223,0.001539,-0.296392,1078731.306,ESCS
210.748614,0.319384,7.447265,0.001599,-0.298247,1038385.05,ESCS
214.305087,0.314229,7.48004,0.001617,-0.317614,1026189.041,ESCS
188.911797,0.299122,7.618822,0.002056,-0.332177,742408.2312,ESCS
215.335184,0.26211,7.960957,0.001667,-0.226476,1077253.102,ESCS
182.619396,0.239087,7.910422,0.005606,-0.112048,773013.3604,ESCS
167.704474,0.247318,7.646482,0.009226,-0.061283,615908.7677,ESCS
156.107291,0.261282,7.51406,0.012055,-0.010831,544620.3927,ESCS
151.430523,0.267104,7.458595,0.016052,0.006711,530707.3525,ESCS
197.314524,0.258948,7.587003,0.017599,-0.001986,827551.9795,ESCS
125.907122,0.173764,8.135367,0.010571,-0.144708,125197.9092,ESCS
197.140504,0.265615,7.576727,0.017709,0.013228,817566.7211,ESCS
258.227004,0.201846,8.383317,0.003865,0.017112,933369.5865,ESCS
273.810221,0.198094,8.422617,0.003231,0.00978,979506.7999,ESCS
394.080376,0.20746,8.569097,0.000972,-0.082415,2261045.149,ESCS
585.546412,0.268775,8.098053,0.000565,-0.133193,4848446.619,ESCS
613.445093,0.283575,8.007137,0.000544,-0.057323,5310168.122,ESCS
642.558884,0.287177,7.974172,0.000541,-0.007194,5774439.403,ESCS
630.989275,0.28834,7.966674,0.000541,0.046662,5381054.693,ESCS
635.813645,0.285685,7.953542,0.000537,0.057414,5727774.638,ESCS
630.409021,0.288183,7.927636,0.000537,0.046525,5691679.262,ESCS
129.316026,0.160048,8.178337,0.013089,-0.114426,117477.3555,ESCS
622.983683,0.28587,7.928574,0.000523,0.071765,5669759.655,ESCS
675.494062,0.316598,7.68941,0.000428,0.01987,6924133.022,ESCS
644.503154,0.308037,7.728195,0.000461,0.104243,6501985.563,ESCS
731.492208,0.302741,7.75609,0.000487,0.141322,8123189.539,ESCS
710.784201,0.291778,7.83166,0.000502,0.147326,7629590.189,ESCS
630.712188,0.26363,8.063209,0.000592,0.150039,5755883.405,ESCS
531.115948,0.256815,8.154379,0.000727,0.129335,4374871.234,ESCS
463.492648,0.243617,8.25301,0.000966,0.158169,3423737.488,ESCS
428.852282,0.21977,8.409795,0.001536,0.243947,2759502.441,ESCS
423.725733,0.229782,8.264723,0.001892,0.243583,2617427.038,SCS
279.723767,0.170284,8.29051,0.013002,-0.044883,851876.2621,SCS
272.70901,0.179516,8.358737,0.00762,0.061706,839726.4014,SCS
285.596192,0.10564,8.65374,0.011942,-0.176561,600375.7906,SCS
269.486775,0.179471,8.350191,0.006948,0.130359,793699.1513,SCS
252.463326,0.184639,8.331772,0.006913,0.241096,740539.0752,SCS
224.43822,0.183587,8.320522,0.007092,0.274885,611249.2714,SCS
207.71746,0.183103,8.314164,0.007661,0.27241,523284.3479,SCS
164.28022,0.184614,8.274741,0.00755,0.259097,351870.6515,SCS
181.904704,0.176277,8.337576,0.008872,0.270518,384257.3752,SCS
194.471346,0.169267,8.387875,0.010682,0.260537,407078.2201,SCS
194.517821,0.168653,8.387104,0.011499,0.238388,419366.7691,SCS
192.256307,0.164945,8.401998,0.012087,0.242798,381755.7748,SCS
288.194972,0.175855,8.269422,0.013597,0.000612,961958.411,SCS
197.98568,0.163693,8.419457,0.012723,0.208179,398093.6849,SCS
213.355138,0.15923,8.42974,0.0143,0.121297,447276.8824,SCS
221.802524,0.161589,8.439212,0.015005,0.105948,473080.7408,SCS
240.476688,0.123232,8.373508,0.032923,-0.177324,383041.7764,SCS
214.810745,0.122167,8.299682,0.04895,-0.029409,268935.7808,SCS
181.814311,0.136321,8.190203,0.064023,-0.007213,217007.8917,SCS
172.431992,0.140112,8.186812,0.067106,-0.00489,188346.1816,SCS
170.612775,0.145739,8.187885,0.063161,0.112794,230671.2987,SCS
167.461285,0.143265,8.222614,0.05283,0.114216,209926.9474,SCS
171.742983,0.137744,8.265259,0.049139,0.06726,213542.4851,SCS
297.159078,0.186054,8.199434,0.013515,0.015895,1046671.509,SCS
190.026489,0.133366,8.303987,0.050152,-0.007877,263437.3604,SCS
185.572477,0.138274,8.293244,0.04896,-0.03476,256451.003,SCS
159.169279,0.144537,8.284526,0.039089,-0.048838,195647.8568,SCS
365.136506,0.153937,8.353925,0.009705,-0.386037,1361112.278,SCS
335.179895,0.160576,8.362102,0.008966,-0.338633,1181904.752,SCS
306.230551,0.13848,8.480857,0.010953,-0.084936,755435.5843,SCS
245.09941,0.148254,8.391691,0.015829,0.12413,544226.3117,SCS
264.905883,0.143551,8.410128,0.017186,0.025628,614434.3868,SCS
270.195532,0.134563,8.471165,0.017679,-0.009627,696746.0182,SCS
278.043558,0.134868,8.411804,0.017691,-0.0075,649196.6335,SCS
297.159078,0.186054,8.199434,0.013515,0.015895,1046671.509,SCS
280.664429,0.139442,8.399573,0.015081,0.001886,636997.7993,SCS
358.410189,0.145561,8.475624,0.01224,-0.083962,1088707.997,SCS
189.361061,0.180094,8.230418,0.009345,0.02194,598888.1797,SCS
247.153748,0.17185,8.278397,0.009098,0.000826,930112.6398,SCS
245.370102,0.178695,8.246007,0.00984,-0.00879,953837.3433,SCS
234.103211,0.176896,8.277664,0.010142,-0.03886,823634.9345,SCS
231.2099,0.174311,8.297053,0.009823,0.002864,809947.3805,SCS
232.025604,0.167072,8.345382,0.009307,-0.046249,806619.747,SCS
187.395407,0.16911,8.327624,0.009586,-0.010299,515025.4296,SCS
189.52199,0.170657,8.325486,0.009714,-0.014587,515794.1739,SCS
305.027422,0.191192,8.20859,0.011156,-0.045671,1092559.501,SCS
190.408257,0.173476,8.327811,0.009712,-0.015641,481009.6857,SCS
190.413658,0.171927,8.32993,0.009114,-0.027589,522645.3347,SCS
253.60781,0.183285,8.380933,0.004646,-0.181272,673565.6547,SCS
247.739006,0.180232,8.36322,0.004749,-0.14904,741510.7973,SCS
336.079544,0.177295,8.401574,0.004053,-0.14938,1547815.434,SCS
356.756497,0.17712,8.41767,0.004401,-0.137332,1705473.814,SCS
228.134961,0.179844,8.377451,0.004696,-0.126167,788949.3205,SCS
213.388611,0.185078,8.338511,0.005051,-0.078519,662889.2021,SCS
199.389889,0.182751,8.28578,0.0054,-0.033732,531611.0255,SCS
194.624835,0.185433,8.254722,0.005787,-0.069851,525035.182,SCS
309.142848,0.188715,8.242274,0.011727,-0.084547,1063100.943,SCS
196.222578,0.18477,8.213104,0.006575,0.021514,478986.2676,SCS
193.59593,0.184172,8.200702,0.00668,0.032068,445505.7177,SCS
243.187525,0.283138,7.524436,0.006095,-0.212373,1382391.889,SCS
171.390787,0.295635,7.436494,0.004086,-0.20157,1063151.182,SCS
171.949604,0.304067,7.337073,0.003725,-0.206873,1001962.795,SCS
177.060692,0.308083,7.308765,0.003547,-0.195463,1115370.595,SCS
179.508938,0.301655,7.32536,0.003345,-0.195818,1089718.376,SCS
184.068724,0.298972,7.388285,0.00323,-0.191281,1126342.663,SCS
182.371306,0.301878,7.413806,0.003053,-0.182239,1004613.877,SCS
186.839642,0.29765,7.452286,0.002962,-0.178238,1032458.075,SCS
300.590855,0.182835,8.267297,0.011714,0.019136,952609.3959,SCS
185.285297,0.299765,7.480504,0.002926,-0.197275,968917.1193,SCS
174.28498,0.277206,7.638485,0.003168,-0.223765,790854.7655,SCS
387.871029,0.102088,8.748101,0.009977,0.303445,925069.666,SCS
384.594188,0.104642,8.721464,0.011837,0.227634,910807.3014,SCS
378.627434,0.102662,8.702748,0.013447,0.140529,885689.4853,SCS
378.822947,0.098451,8.716049,0.013558,0.058746,838823.5503,SCS
372.943327,0.10321,8.69798,0.013208,0.05572,837784.2276,SCS
354.671721,0.103922,8.683427,0.013041,0.083259,767169.4849,SCS
348.854845,0.100411,8.657347,0.014157,0.096755,737324.5268,SCS
358.412811,0.098836,8.662721,0.015376,0.038094,728809.3135,SCS
304.351078,0.179727,8.303417,0.010811,0.011717,1028148.224,SCS
363.732815,0.096271,8.671401,0.015342,0.060329,756370.3314,SCS
342.790143,0.14981,8.553719,0.006055,-0.115262,1412400.499,SCS
348.948485,0.15318,8.550221,0.005302,-0.126708,1490332.04,SCS
367.300728,0.148553,8.606131,0.004645,-0.187637,1491604.366,SCS
382.832284,0.142091,8.699656,0.004074,-0.203109,1463822.789,SCS
394.925994,0.140751,8.6915,0.00346,-0.246156,1473728.187,SCS
326.938067,0.153862,8.621428,0.002356,-0.464661,1013654.263,SCS
350.654942,0.159215,8.60919,0.002299,-0.547259,1186472.67,SCS
394.468106,0.165802,8.612935,0.001883,-0.55423,1476647.44,SCS
394.726072,0.160252,8.614987,0.001853,-0.589294,1509106.73,SCS
261.258503,0.175263,8.32791,0.008963,0.034445,826606.8346,SCS
412.461352,0.156686,8.642652,0.00189,-0.598972,1666275.392,SCS
202.9338,0.135063,8.415605,0.013613,0.145537,390058.8533,SCS
229.768438,0.125759,8.476005,0.015552,0.068598,487234.3723,SCS
241.903255,0.123552,8.498157,0.01711,-0.080362,503934.1805,SCS
238.385607,0.123292,8.472817,0.018542,0.075824,467172.7476,SCS
241.116058,0.121039,8.472615,0.020956,-0.02762,504269.1933,SCS
241.070869,0.121977,8.445994,0.022123,-0.112785,469617.2876,SCS
246.504615,0.115711,8.47562,0.021067,-0.12696,476940.1366,SCS
235.894996,0.11982,8.523956,0.016174,-0.160103,365693.4897,SCS
255.309956,0.112487,8.599994,0.014168,-0.21864,443188.0584,VSCS
189.661051,0.178927,8.300483,0.016289,-0.063888,431205.9602,VSCS
192.801615,0.175679,8.414967,0.007575,-0.423746,641836.9125,VSCS
205.114176,0.13347,8.364032,0.019803,0.365747,367140.7098,VSCS
200.136197,0.161297,8.454782,0.008445,-0.380841,693891.9724,VSCS
198.382929,0.152934,8.48909,0.00947,-0.284627,609837.3727,VSCS
187.25879,0.156042,8.451769,0.010616,-0.221927,462848.2184,VSCS
163.05092,0.163198,8.35561,0.012091,-0.149275,357583.4591,VSCS
137.206748,0.174684,8.23883,0.013179,-0.043054,260780.4784,VSCS
188.045525,0.173095,8.253269,0.015009,-0.135888,536400.0413,VSCS
195.501991,0.173013,8.243416,0.016581,-0.091584,566137.6985,VSCS
195.237714,0.177481,8.200558,0.016827,-0.012684,556416.1729,VSCS
198.814592,0.182814,8.169523,0.019078,0.031603,552839.0439,VSCS
175.086902,0.192257,8.217209,0.015471,-0.111772,429276.1941,VSCS
202.473905,0.186836,8.155114,0.018031,0.022092,575231.6364,VSCS
279.035954,0.118243,8.625702,0.008579,-0.11214,787867.0499,VSCS
287.784255,0.114801,8.6377,0.006241,-0.135061,749891.4829,VSCS
292.974912,0.114042,8.615767,0.006262,-0.184996,735127.6606,VSCS
293.395826,0.10829,8.61668,0.00776,-0.204622,695795.2067,VSCS
246.054645,0.111674,8.547432,0.010829,-0.088254,441182.8725,VSCS
204.98213,0.121903,8.470941,0.015127,-0.059865,288457.9752,VSCS
186.692877,0.134683,8.367356,0.019911,-0.040936,234684.8542,VSCS
157.208938,0.148658,8.25279,0.022862,0.008475,185644.9976,VSCS
156.406646,0.144716,8.231941,0.027281,0.011943,191396.1324,VSCS
168.171343,0.199036,8.145444,0.014022,-0.222381,482042.9766,VSCS
167.473241,0.138584,8.25528,0.034594,0.041905,196244.0617,VSCS
342.05643,0.135883,8.540276,0.012215,-0.119548,1034807.888,VSCS
286.528796,0.117307,8.533151,0.016558,-0.143625,614504.5947,VSCS
220.26282,0.125481,8.343036,0.02246,-0.001171,363126.9107,VSCS
164.541285,0.139234,8.215582,0.028596,0.007221,198364.9497,VSCS
167.412866,0.135542,8.280854,0.026985,-0.120864,198555.2389,VSCS
208.497174,0.126534,8.397276,0.023027,-0.167552,331419.2121,VSCS
246.620368,0.136063,8.396127,0.02182,-0.278986,507097.4551,VSCS
166.320527,0.145175,8.306992,0.019327,-0.027647,218673.9322,VSCS
210.491554,0.15469,8.315631,0.016947,-0.115819,420074.2131,VSCS
165.04154,0.209251,8.152114,0.012651,-0.241605,492328.4232,VSCS
218.562422,0.152692,8.39509,0.013035,-0.004778,504670.4811,VSCS
253.146228,0.218856,8.120443,0.002433,-0.220753,2003587.451,VSCS
213.285882,0.208375,8.23055,0.002546,-0.206116,1487618.314,VSCS
185.013498,0.209807,8.074933,0.004459,0.01629,949793.069,VSCS
194.835109,0.193336,8.149407,0.006709,0.215641,787766.2834,VSCS
169.68258,0.188405,8.23202,0.007732,0.147696,494622.9249,VSCS
172.163274,0.187985,8.270216,0.00795,0.106639,452898.394,VSCS
170.662944,0.187349,8.243282,0.007662,0.083603,491850.4296,VSCS
180.1127,0.195351,8.180124,0.008438,0.069918,555574.2095,VSCS
196.402078,0.191153,8.200829,0.006188,0.055145,662209.6102,VSCS
175.958531,0.203369,8.182096,0.012603,-0.249567,518663.0961,VSCS
252.686398,0.20916,8.24903,0.002156,-0.063328,1576053.44,VSCS
242.865503,0.186436,8.25754,0.00729,0.020989,764981.7566,VSCS
242.717064,0.192871,8.22461,0.007761,0.017245,755760.3912,VSCS
239.961224,0.192491,8.215419,0.008059,0.048663,716607.3768,VSCS
238.222407,0.192595,8.197344,0.008481,0.052553,702043.3277,VSCS
243.271067,0.192409,8.196517,0.008935,0.005547,735287.2803,VSCS
243.271067,0.192409,8.196517,0.008935,0.005547,735287.2803,VSCS
327.715848,0.207768,8.300864,0.004862,-0.072314,1690845.051,VSCS
302.23568,0.21502,8.219053,0.006374,-0.02235,1403357.662,VSCS
188.277371,0.237667,7.997564,0.008704,-0.010945,520143.1586,VSCS
174.98521,0.193076,8.247471,0.012677,-0.21669,494632.5664,VSCS
300.78409,0.232439,8.118882,0.008116,-0.003257,1396590.32,VSCS
120.042216,0.245144,7.626609,0.010882,-0.142578,363276.4726,VSCS
119.269046,0.249644,7.599883,0.012169,-0.143255,322488.7482,VSCS
155.60595,0.251557,7.594089,0.013219,-0.117393,580975.8925,VSCS
152.461565,0.256585,7.576874,0.014806,-0.07367,545516.1046,VSCS
224.35423,0.253517,7.578535,0.01438,-0.066379,1191885.232,VSCS
162.340368,0.254657,7.553555,0.015514,-0.010126,618015.1785,VSCS
161.477313,0.25865,7.541699,0.015966,-0.018398,621035.1787,VSCS
163.078458,0.258926,7.529903,0.016586,-0.022173,626630.1654,VSCS
163.415248,0.257099,7.530531,0.016925,-0.017413,587530.0293,VSCS
183.539527,0.186005,8.325166,0.01193,-0.347385,507973.0721,VSCS
168.458799,0.253648,7.527304,0.0184,-0.0217,609492.9706,VSCS
275.960487,0.10799,8.378209,0.033335,-0.037039,474042.0307,VSCS
268.23464,0.110456,8.55707,0.024744,-0.200433,510271.0713,VSCS
285.764698,0.110951,8.734506,0.011786,-0.193662,480017.5591,VSCS
289.853113,0.126898,8.719899,0.006111,0.014221,606323.9655,VSCS
454.375906,0.113955,8.850052,0.006348,0.070107,1547211.327,VSCS
394.660499,0.119657,8.808801,0.007149,0.095129,1138446.844,VSCS
394.660499,0.119657,8.808801,0.007149,0.095129,1138446.844,VSCS
231.42292,0.142115,8.644452,0.007516,0.246747,362370.0309,VSCS
242.168122,0.142389,8.672399,0.007405,0.229262,413263.6573,VSCS
193.800842,0.179477,8.388113,0.011203,-0.352762,541566.6431,VSCS
245.374239,0.156379,8.607677,0.006893,0.402013,499818.2425,VSCS
366.692582,0.172338,8.506581,0.001494,-0.681928,1335643.894,VSCS
315.536889,0.172794,8.497943,0.001674,-0.763321,855520.2042,VSCS
359.435915,0.177517,8.472999,0.001447,-0.999021,1342193.344,VSCS
281.545922,0.172987,8.463394,0.001779,-0.876256,878748.0045,VSCS
281.545922,0.172987,8.463394,0.001779,-0.876256,878748.0045,VSCS
238.5218,0.163813,8.462256,0.002279,-0.754216,552940.4757,VSCS
226.4202,0.147978,8.533219,0.003743,-0.645142,511147.465,VSCS
252.355553,0.143623,8.580081,0.005571,-0.511737,594459.4718,VSCS
262.942206,0.139904,8.603144,0.006432,-0.394943,564002.5252,VSCS
202.048936,0.175133,8.416752,0.010377,-0.38127,545085.008,VSCS
258.851986,0.141528,8.648621,0.00609,-0.48498,513049.8487,VSCS
244.85548,0.108559,8.443867,0.01324,0.022868,400517.9859,VSCS
270.033208,0.117109,8.425723,0.010186,-0.095974,1010579.357,VSCS
234.1309,0.130161,8.312301,0.013713,0.008016,683522.0853,VSCS
216.346448,0.134327,8.270487,0.018274,-0.049131,526107.3124,VSCS
209.474006,0.141503,8.268616,0.020516,0.042831,486488.7261,VSCS
205.24135,0.141374,8.295388,0.023622,-0.00286,374976.4092,VSCS
203.00318,0.141244,8.315471,0.018114,0.067197,368098.754,VSCS
148.471244,0.152287,8.044488,0.041003,0.11365,190095.8813,VSCS
162.186443,0.145172,8.126935,0.043324,0.179359,203610.692,VSCS
